{
	"parent": "block/block",
	"textures": {
		"particle": "block/big_dripleaf_stem",
		"stem": "block/big_dripleaf_stem"
	},
	"elements": [
		{
			"from": [4.5, 0, 12],
			"to": [11.5, 16, 12],
			"shade": false,
			"rotation": {"angle": 45, "axis": "y", "origin": [8, 8, 12], "rescale": true},
			"faces": {
				"north": {"uv": [2, 0, 14, 16], "texture": "#stem"},
				"south": {"uv": [14, 0, 2, 16], "texture": "#stem"}
			}
		},
		{
			"from": [4.5, 0, 12],
			"to": [11.5, 16, 12],
			"shade": false,
			"rotation": {"angle": -45, "axis": "y", "origin": [8, 8, 12], "rescale": true},
			"faces": {
				"north": {"uv": [2, 0, 14, 16], "texture": "#stem"},
				"south": {"uv": [14, 0, 2, 16], "texture": "#stem"}
			}
		}
	]
}