{
	"parent": "block/block",
	"ambientocclusion": false,
	"textures": {
		"particle": "block/lightning_rod_on",
		"texture": "block/lightning_rod_on"
	},
	"elements": [
		{
			"from": [6, 12, 6],
			"to": [10, 16, 10],
			"shade": false,
			"faces": {
				"north": {"uv": [0, 0, 4, 4], "texture": "#texture"},
				"east": {"uv": [12, 0, 16, 4], "texture": "#texture"},
				"south": {"uv": [8, 0, 12, 4], "texture": "#texture"},
				"west": {"uv": [4, 0, 8, 4], "texture": "#texture"},
				"up": {"uv": [4, 0, 8, 4], "texture": "#texture"},
				"down": {"uv": [8, 0, 12, 4], "texture": "#texture"}
			}
		},
		{
			"from": [7, 0, 7],
			"to": [9, 12, 9],
			"shade": false,
			"faces": {
				"north": {"uv": [1, 4, 3, 16], "texture": "#texture"},
				"east": {"uv": [13, 4, 15, 16], "texture": "#texture"},
				"south": {"uv": [9, 4, 11, 16], "texture": "#texture"},
				"west": {"uv": [5, 4, 7, 16], "texture": "#texture"},
				"down": {"uv": [5, 14, 7, 16], "texture": "#texture"}
			}
		}
	]
}