{
	"ambientocclusion": false,
	"textures": {
		"particle": "block/medium_amethyst_bud",
		"crystal": "block/medium_amethyst_bud"
	},
	"elements": [
		{
			"from": [1, 0, 6],
			"to": [17, 16, 6],
			"shade": false,
			"rotation": {"angle": -22.5, "axis": "y", "origin": [9, 0, 6]},
			"faces": {
				"north": {"uv": [0, 0, 16, 16], "texture": "#crystal"},
				"south": {"uv": [16, 0, 0, 16], "texture": "#crystal"}
			}
		},
		{
			"from": [7, 0, 3],
			"to": [7, 10, 15],
			"shade": false,
			"rotation": {"angle": -22.5, "axis": "y", "origin": [7, 0, 9]},
			"faces": {
				"east": {"uv": [0, 0, 16, 16], "texture": "#crystal"},
				"west": {"uv": [16, 0, 0, 16], "texture": "#crystal"}
			}
		}
	]
}