{
	"ambientocclusion": false,
	"textures": {
		"particle": "block/extra/amethyst_crystal",
		"crystal": "block/extra/amethyst_crystal",
		"base": "block/amethyst_block"
	},
	"elements": [
		{
			"from": [4.5, 0, 4.5],
			"to": [7.5, 8, 7.5],
			"shade": false,
			"rotation": {"angle": 22.5, "axis": "y", "origin": [6, 0, 6]},
			"faces": {
				"north": {"uv": [8, 0, 12, 12], "texture": "#crystal"},
				"east": {"uv": [4, 0, 8, 12], "texture": "#crystal"},
				"south": {"uv": [8, 0, 12, 12], "texture": "#crystal"},
				"west": {"uv": [4, 0, 8, 12], "texture": "#crystal"},
				"up": {"uv": [12, 12, 16, 16], "texture": "#crystal"},
				"down": {"uv": [0, 0, 4, 4], "texture": "#base", "cullface": "down"}
			}
		},
		{
			"from": [8.5, -1, 9.5],
			"to": [11.5, 2, 12.5],
			"shade": false,
			"rotation": {"angle": 22.5, "axis": "x", "origin": [10, 0, 11]},
			"faces": {
				"north": {"uv": [12, 0, 16, 7], "texture": "#crystal"},
				"east": {"uv": [12, 0, 16, 7], "texture": "#crystal"},
				"south": {"uv": [12, 0, 16, 7], "texture": "#crystal"},
				"west": {"uv": [12, 0, 16, 7], "texture": "#crystal"},
				"up": {"uv": [12, 8, 16, 12], "texture": "#crystal"},
				"down": {"uv": [12, 12, 16, 16], "texture": "#base", "cullface": "down"}
			}
		}
	]
}