{
	"textures": {
		"particle": "block/dripstone_block",
		"stone": "block/dripstone_block"
	},
	"elements": [
		{
			"from": [6, 0, 4],
			"to": [10, 1, 12],
			"rotation": {"angle": 0, "axis": "y", "origin": [8, 0, 8]},
			"faces": {
				"north": {"uv": [6, 15, 10, 16], "texture": "#stone"},
				"east": {"uv": [4, 15, 12, 16], "texture": "#stone"},
				"south": {"uv": [6, 15, 10, 16], "texture": "#stone"},
				"west": {"uv": [4, 15, 12, 16], "texture": "#stone"},
				"up": {"uv": [6, 4, 10, 12], "texture": "#stone"},
				"down": {"uv": [6, 4, 10, 12], "texture": "#stone", "cullface": "down"}
			}
		},
		{
			"from": [4, 0, 6],
			"to": [12, 2, 10],
			"rotation": {"angle": 0, "axis": "y", "origin": [8, 0, 8]},
			"faces": {
				"north": {"uv": [4, 14, 12, 16], "texture": "#stone"},
				"east": {"uv": [6, 14, 10, 16], "texture": "#stone"},
				"south": {"uv": [4, 14, 12, 16], "texture": "#stone"},
				"west": {"uv": [6, 14, 10, 16], "texture": "#stone"},
				"up": {"uv": [4, 6, 12, 10], "texture": "#stone"},
				"down": {"uv": [4, 6, 12, 10], "texture": "#stone", "cullface": "down"}
			}
		},
		{
			"from": [6, 2, 6],
			"to": [10, 7, 10],
			"rotation": {"angle": 0, "axis": "y", "origin": [8, 0, 8]},
			"faces": {
				"north": {"uv": [6, 9, 10, 14], "texture": "#stone"},
				"east": {"uv": [6, 9, 10, 14], "texture": "#stone"},
				"south": {"uv": [6, 9, 10, 14], "texture": "#stone"},
				"west": {"uv": [6, 9, 10, 14], "texture": "#stone"},
				"up": {"uv": [6, 6, 10, 10], "texture": "#stone"}
			}
		},
		{
			"from": [7, 7, 7],
			"to": [9, 11, 9],
			"rotation": {"angle": 0, "axis": "y", "origin": [8, 0, 8]},
			"faces": {
				"north": {"uv": [7, 5, 9, 9], "texture": "#stone"},
				"east": {"uv": [7, 5, 9, 9], "texture": "#stone"},
				"south": {"uv": [7, 5, 9, 9], "texture": "#stone"},
				"west": {"uv": [7, 5, 9, 9], "texture": "#stone"},
				"up": {"uv": [7, 7, 9, 9], "texture": "#stone"}
			}
		}
	]
}