{
	"textures": {
		"particle": "block/dripstone_block",
		"stone": "block/dripstone_block"
	},
	"elements": [
		{
			"from": [6, 12, 4],
			"to": [10, 16, 12],
			"rotation": {"angle": 0, "axis": "y", "origin": [8, 0, 8]},
			"faces": {
				"north": {"uv": [6, 0, 10, 4], "texture": "#stone"},
				"east": {"uv": [4, 0, 12, 4], "texture": "#stone"},
				"south": {"uv": [6, 0, 10, 4], "texture": "#stone"},
				"west": {"uv": [4, 0, 12, 4], "texture": "#stone"},
				"up": {"uv": [6, 4, 10, 12], "texture": "#stone", "cullface": "up"},
				"down": {"uv": [6, 4, 10, 12], "texture": "#stone"}
			}
		},
		{
			"from": [4, 8, 6],
			"to": [12, 16, 10],
			"rotation": {"angle": 0, "axis": "y", "origin": [8, 0, 8]},
			"faces": {
				"north": {"uv": [4, 0, 12, 8], "texture": "#stone"},
				"east": {"uv": [6, 0, 10, 8], "texture": "#stone"},
				"south": {"uv": [4, 0, 12, 8], "texture": "#stone"},
				"west": {"uv": [6, 0, 10, 8], "texture": "#stone"},
				"up": {"uv": [4, 6, 12, 10], "texture": "#stone", "cullface": "up"},
				"down": {"uv": [4, 6, 12, 10], "texture": "#stone"}
			}
		},
		{
			"from": [7, 0, 5],
			"to": [9, 12, 11],
			"rotation": {"angle": 0, "axis": "y", "origin": [8, 0, 8]},
			"faces": {
				"north": {"uv": [7, 4, 9, 16], "texture": "#stone"},
				"east": {"uv": [5, 4, 11, 16], "texture": "#stone"},
				"south": {"uv": [7, 4, 9, 16], "texture": "#stone"},
				"west": {"uv": [5, 4, 11, 16], "texture": "#stone"},
				"down": {"uv": [7, 5, 9, 11], "texture": "#stone", "cullface": "down"}
			}
		},
		{
			"from": [5, 0, 7],
			"to": [11, 8, 9],
			"rotation": {"angle": 0, "axis": "y", "origin": [8, 0, 8]},
			"faces": {
				"north": {"uv": [5, 8, 11, 16], "texture": "#stone"},
				"east": {"uv": [7, 8, 9, 16], "texture": "#stone"},
				"south": {"uv": [5, 8, 11, 16], "texture": "#stone"},
				"west": {"uv": [7, 8, 9, 16], "texture": "#stone"},
				"down": {"uv": [5, 7, 11, 9], "texture": "#stone", "cullface": "down"}
			}
		}
	]
}