{
	"textures": {
		"particle": "block/dripstone_block",
		"stone": "block/dripstone_block"
	},
	"elements": [
		{
			"from": [6, 15, 4],
			"to": [10, 16, 12],
			"rotation": {"angle": 0, "axis": "y", "origin": [8, 0, 8]},
			"faces": {
				"north": {"uv": [6, 0, 10, 1], "texture": "#stone"},
				"east": {"uv": [4, 0, 12, 1], "texture": "#stone"},
				"south": {"uv": [6, 0, 10, 1], "texture": "#stone"},
				"west": {"uv": [4, 0, 12, 1], "texture": "#stone"},
				"up": {"uv": [6, 4, 10, 12], "texture": "#stone", "cullface": "up"},
				"down": {"uv": [6, 4, 10, 12], "texture": "#stone"}
			}
		},
		{
			"from": [4, 14, 6],
			"to": [12, 16, 10],
			"rotation": {"angle": 0, "axis": "y", "origin": [8, 0, 8]},
			"faces": {
				"north": {"uv": [4, 0, 12, 2], "texture": "#stone"},
				"east": {"uv": [6, 0, 10, 2], "texture": "#stone"},
				"south": {"uv": [4, 0, 12, 2], "texture": "#stone"},
				"west": {"uv": [6, 0, 10, 2], "texture": "#stone"},
				"up": {"uv": [4, 6, 12, 10], "texture": "#stone", "cullface": "up"},
				"down": {"uv": [4, 6, 12, 10], "texture": "#stone"}
			}
		},
		{
			"from": [6, 9, 6],
			"to": [10, 14, 10],
			"rotation": {"angle": 0, "axis": "y", "origin": [8, 0, 8]},
			"faces": {
				"north": {"uv": [6, 2, 10, 7], "texture": "#stone"},
				"east": {"uv": [6, 2, 10, 7], "texture": "#stone"},
				"south": {"uv": [6, 2, 10, 7], "texture": "#stone"},
				"west": {"uv": [6, 2, 10, 7], "texture": "#stone"},
				"down": {"uv": [6, 6, 10, 10], "texture": "#stone"}
			}
		},
		{
			"from": [7, 5, 7],
			"to": [9, 9, 9],
			"rotation": {"angle": 0, "axis": "y", "origin": [8, 0, 8]},
			"faces": {
				"north": {"uv": [7, 7, 9, 11], "texture": "#stone"},
				"east": {"uv": [7, 7, 9, 11], "texture": "#stone"},
				"south": {"uv": [7, 7, 9, 11], "texture": "#stone"},
				"west": {"uv": [7, 7, 9, 11], "texture": "#stone"},
				"down": {"uv": [7, 7, 9, 9], "texture": "#stone"}
			}
		}
	]
}