{
	"textures": {
		"particle": "block/dripstone_block",
		"stone": "block/dripstone_block"
	},
	"elements": [
		{
			"from": [4, 0, 0],
			"to": [12, 5, 16],
			"rotation": {"angle": 0, "axis": "y", "origin": [8, 0, 8]},
			"faces": {
				"north": {"uv": [4, 11, 12, 16], "texture": "#stone"},
				"east": {"uv": [0, 11, 16, 16], "texture": "#stone"},
				"south": {"uv": [4, 11, 12, 16], "texture": "#stone"},
				"west": {"uv": [0, 11, 16, 16], "texture": "#stone"},
				"up": {"uv": [4, 0, 12, 16], "texture": "#stone"},
				"down": {"uv": [4, 0, 12, 16], "texture": "#stone"}
			}
		},
		{
			"from": [0, 0, 4],
			"to": [16, 9, 12],
			"rotation": {"angle": 0, "axis": "y", "origin": [8, 0, 8]},
			"faces": {
				"north": {"uv": [0, 7, 16, 16], "texture": "#stone"},
				"east": {"uv": [4, 7, 12, 16], "texture": "#stone"},
				"south": {"uv": [0, 7, 16, 16], "texture": "#stone"},
				"west": {"uv": [4, 7, 12, 16], "texture": "#stone"},
				"up": {"uv": [0, 4, 16, 12], "texture": "#stone"},
				"down": {"uv": [0, 4, 16, 12], "texture": "#stone"}
			}
		},
		{
			"from": [5, 5, 2],
			"to": [11, 16, 14],
			"rotation": {"angle": 0, "axis": "y", "origin": [8, 0, 8]},
			"faces": {
				"north": {"uv": [5, 0, 11, 11], "texture": "#stone"},
				"east": {"uv": [2, 0, 14, 11], "texture": "#stone"},
				"south": {"uv": [5, 0, 11, 11], "texture": "#stone"},
				"west": {"uv": [2, 0, 14, 11], "texture": "#stone"},
				"up": {"uv": [5, 2, 11, 14], "texture": "#stone", "cullface": "up"}
			}
		},
		{
			"from": [2, 9, 5],
			"to": [14, 16, 11],
			"rotation": {"angle": 0, "axis": "y", "origin": [8, 0, 8]},
			"faces": {
				"north": {"uv": [2, 0, 14, 7], "texture": "#stone"},
				"east": {"uv": [5, 0, 11, 7], "texture": "#stone"},
				"south": {"uv": [2, 0, 14, 7], "texture": "#stone"},
				"west": {"uv": [5, 0, 11, 7], "texture": "#stone"},
				"up": {"uv": [2, 5, 14, 11], "texture": "#stone", "cullface": "up"}
			}
		}
	]
}