{
	"ambientocclusion": false,
	"textures": {
		"particle": "block/extra/flower_pot",
		"flowerpot": "block/extra/flower_pot",
		"dirt": "block/dirt",
		"plant": "block/azalea_plant",
		"side": "block/azalea_side",
		"top": "block/azalea_leaves"
	},
	"elements": [
		{
			"from": [5, 4, 5],
			"to": [6, 6, 11],
			"faces": {
				"north": {"uv": [6, 9, 7, 11], "texture": "#flowerpot"},
				"east": {"uv": [9, 9, 15, 11], "texture": "#flowerpot"},
				"south": {"uv": [1, 9, 2, 11], "texture": "#flowerpot"},
				"west": {"uv": [1, 9, 7, 11], "texture": "#flowerpot"},
				"up": {"uv": [9, 1, 10, 7], "texture": "#flowerpot"},
				"down": {"uv": [9, 1, 10, 7], "texture": "#flowerpot"}
			}
		},
		{
			"from": [10, 4, 5],
			"to": [11, 6, 11],
			"faces": {
				"north": {"uv": [1, 9, 2, 11], "texture": "#flowerpot"},
				"east": {"uv": [1, 9, 7, 11], "texture": "#flowerpot"},
				"south": {"uv": [6, 9, 7, 11], "texture": "#flowerpot"},
				"west": {"uv": [9, 9, 15, 11], "texture": "#flowerpot"},
				"up": {"uv": [14, 1, 15, 7], "texture": "#flowerpot"},
				"down": {"uv": [14, 1, 15, 7], "texture": "#flowerpot"}
			}
		},
		{
			"from": [6, 4, 5],
			"to": [10, 6, 6],
			"faces": {
				"north": {"uv": [2, 9, 6, 11], "texture": "#flowerpot"},
				"south": {"uv": [10, 9, 14, 11], "texture": "#flowerpot"},
				"up": {"uv": [10, 1, 14, 2], "texture": "#flowerpot"},
				"down": {"uv": [10, 6, 14, 7], "texture": "#flowerpot"}
			}
		},
		{
			"from": [6, 4, 10],
			"to": [10, 6, 11],
			"faces": {
				"north": {"uv": [10, 9, 14, 11], "texture": "#flowerpot"},
				"south": {"uv": [2, 9, 6, 11], "texture": "#flowerpot"},
				"up": {"uv": [10, 6, 14, 7], "texture": "#flowerpot"},
				"down": {"uv": [10, 1, 14, 2], "texture": "#flowerpot"}
			}
		},
		{
			"from": [5.5, 0, 5.5],
			"to": [10.5, 5, 10.5],
			"faces": {
				"north": {"uv": [2, 10, 7, 15], "texture": "#flowerpot"},
				"east": {"uv": [10, 10, 15, 15], "texture": "#flowerpot"},
				"south": {"uv": [2, 10, 7, 15], "texture": "#flowerpot"},
				"west": {"uv": [10, 10, 15, 15], "texture": "#flowerpot"},
				"up": {"uv": [5.5, 5.5, 10.5, 10.5], "texture": "#dirt"},
				"down": {"uv": [1.5, 1.5, 6.5, 6.5], "texture": "#flowerpot", "cullface": "down"}
			}
		},
		{
			"from": [4, 6, 4],
			"to": [12, 16, 12],
			"rotation": {"angle": 0, "axis": "y", "origin": [8, 4, 8]},
			"faces": {
				"north": {"uv": [2, 5, 10, 15], "texture": "#side"},
				"east": {"uv": [14, 5, 6, 15], "texture": "#side"},
				"south": {"uv": [2, 5, 10, 15], "texture": "#side"},
				"west": {"uv": [14, 5, 6, 15], "texture": "#side"},
				"up": {"uv": [4, 4, 12, 12], "texture": "#top", "cullface": "up"}
			}
		},
		{
			"from": [12, 16, 12],
			"to": [4, 6, 4],
			"rotation": {"angle": 0, "axis": "y", "origin": [-8, -4, -8]},
			"faces": {
				"north": {"uv": [2, 15, 10, 5], "texture": "#side"},
				"east": {"uv": [14, 15, 6, 5], "texture": "#side"},
				"south": {"uv": [2, 15, 10, 5], "texture": "#side"},
				"west": {"uv": [14, 15, 6, 5], "texture": "#side"},
				"down": {"uv": [12, 4, 4, 12], "texture": "#top", "cullface": "up"}
			}
		},
		{
			"from": [1, 5, 8],
			"to": [15, 18, 8],
			"rotation": {"angle": -45, "axis": "y", "origin": [8, 10, 8]},
			"faces": {
				"north": {"uv": [0, 0, 16, 16], "texture": "#plant"},
				"south": {"uv": [16, 0, 0, 16], "texture": "#plant"}
			}
		},
		{
			"from": [8, 5, 1],
			"to": [8, 18, 15],
			"rotation": {"angle": -45, "axis": "y", "origin": [8, 10, 8]},
			"faces": {
				"east": {"uv": [16, 0, 0, 16], "texture": "#plant"},
				"west": {"uv": [0, 0, 16, 16], "texture": "#plant"}
			}
		}
	]
}