{
	"ambientocclusion": false,
	"textures": {
		"bamboo": "block/bamboo_stalk",
		"particle": "block/extra/flower_pot",
		"flowerpot": "block/extra/flower_pot",
		"dirt": "block/dirt"
	},
	"elements": [
		{
			"from": [7, 0, 7],
			"to": [9, 16, 9],
			"faces": {
				"north": {"uv": [0, 0, 3, 16], "texture": "#bamboo"},
				"east": {"uv": [9, 0, 12, 16], "texture": "#bamboo"},
				"south": {"uv": [6, 0, 9, 16], "texture": "#bamboo"},
				"west": {"uv": [3, 0, 6, 16], "texture": "#bamboo"},
				"up": {"uv": [13, 0, 16, 3], "texture": "#bamboo", "cullface": "up"}
			}
		},
		{
			"from": [5, 4, 5],
			"to": [6, 6, 11],
			"faces": {
				"north": {"uv": [6, 9, 7, 11], "texture": "#flowerpot"},
				"east": {"uv": [9, 9, 15, 11], "texture": "#flowerpot"},
				"south": {"uv": [1, 9, 2, 11], "texture": "#flowerpot"},
				"west": {"uv": [1, 9, 7, 11], "texture": "#flowerpot"},
				"up": {"uv": [9, 1, 10, 7], "texture": "#flowerpot"},
				"down": {"uv": [9, 1, 10, 7], "texture": "#flowerpot"}
			}
		},
		{
			"from": [10, 4, 5],
			"to": [11, 6, 11],
			"faces": {
				"north": {"uv": [1, 9, 2, 11], "texture": "#flowerpot"},
				"east": {"uv": [1, 9, 7, 11], "texture": "#flowerpot"},
				"south": {"uv": [6, 9, 7, 11], "texture": "#flowerpot"},
				"west": {"uv": [9, 9, 15, 11], "texture": "#flowerpot"},
				"up": {"uv": [14, 1, 15, 7], "texture": "#flowerpot"},
				"down": {"uv": [14, 1, 15, 7], "texture": "#flowerpot"}
			}
		},
		{
			"from": [6, 4, 5],
			"to": [10, 6, 6],
			"faces": {
				"north": {"uv": [2, 9, 6, 11], "texture": "#flowerpot"},
				"south": {"uv": [10, 9, 14, 11], "texture": "#flowerpot"},
				"up": {"uv": [10, 1, 14, 2], "texture": "#flowerpot"},
				"down": {"uv": [10, 6, 14, 7], "texture": "#flowerpot"}
			}
		},
		{
			"from": [6, 4, 10],
			"to": [10, 6, 11],
			"faces": {
				"north": {"uv": [10, 9, 14, 11], "texture": "#flowerpot"},
				"south": {"uv": [2, 9, 6, 11], "texture": "#flowerpot"},
				"up": {"uv": [10, 6, 14, 7], "texture": "#flowerpot"},
				"down": {"uv": [10, 1, 14, 2], "texture": "#flowerpot"}
			}
		},
		{
			"from": [5.5, 0, 5.5],
			"to": [10.5, 4, 10.5],
			"faces": {
				"north": {"uv": [1.5, 11, 6.5, 15], "texture": "#flowerpot"},
				"east": {"uv": [9.5, 11, 14.5, 15], "texture": "#flowerpot"},
				"south": {"uv": [1.5, 11, 6.5, 15], "texture": "#flowerpot"},
				"west": {"uv": [9.5, 11, 14.5, 15], "texture": "#flowerpot"},
				"up": {"uv": [5.5, 5.5, 10.5, 10.5], "texture": "#dirt"},
				"down": {"uv": [1.5, 1.5, 6.5, 6.5], "texture": "#flowerpot", "cullface": "down"}
			}
		}
	]
}