{
	"ambientocclusion": false,
	"textures": {
		"top": "block/spruce_log_top",
		"particle": "block/acacia_log",
		"side": "block/acacia_log"
	},
	"elements": [
		{
			"from": [6, -1, -5],
			"to": [8, 1, 7],
			"rotation": {"angle": -22.5, "axis": "x", "origin": [7, 0, -5]},
			"faces": {
				"north": {"uv": [6, 6, 10, 10], "rotation": 180, "texture": "#top" },
				"east": {"uv": [4, 0, 8, 12], "rotation": 90, "texture": "#side" },
				"west": {"uv": [4, 0, 8, 12], "rotation": 270, "texture": "#side" },
				"up": {"uv": [8, 0, 12, 12], "texture": "#side" },
				"down": {"uv": [8, 0, 12, 12], "rotation": 180, "texture": "#side" }
			}
		},
		{
			"from": [6.001, 3.51708, 5.70487],
			"to": [7.999, 5.51508, 17.70287],
			"rotation": {"angle": 22.5, "axis": "x", "origin": [7, 5.51608, 5.70387]},
			"faces": {
				"east": {"uv": [8, 0, 12, 12], "rotation": 90, "texture": "#side" },
				"south": {"uv": [4, 12, 8, 16], "texture": "#side"},
				"west": {"uv": [8, 0, 12, 12], "rotation": 270, "texture": "#side" },
				"up": {"uv": [4, 0, 8, 12], "texture": "#side" },
				"down": {"uv": [4, 0, 8, 12], "rotation": 180, "texture": "#side" }
			}
		},
		{
			"from": [6.25, -0.92388, 16.02506],
			"to": [7.75, 0.57612, 24.02506],
			"rotation": {"angle": -22.5, "axis": "x", "origin": [7, -0.92388, 16.02506]},
			"faces": {
				"east": {"uv": [5, 8, 8, 16], "rotation": 90, "texture": "#side" },
				"south": {"uv": [6.5, 6.5, 9.5, 9.5], "rotation": 90, "texture": "#top"},
				"west": {"uv": [5, 8, 8, 16], "rotation": 270, "texture": "#side" },
				"up": {"uv": [8, 8, 11, 16], "texture": "#side" },
				"down": {"uv": [8, 8, 11, 16], "rotation": 180, "texture": "#side" }
			}
		},
		{
			"from": [6.5, 1, -1],
			"to": [8, 2.5, 9],
			"rotation": {"angle": 22.5, "axis": "y", "origin": [8, 1.75, -1]},
			"faces": {
				"north": {"uv": [6, 6, 10, 10], "rotation": 180, "texture": "#top" },
				"east": {"uv": [8, 0, 11, 10], "rotation": 90, "texture": "#side" },
				"south": {"uv": [5, 10, 8, 13], "texture": "#side"},
				"west": {"uv": [8, 0, 11, 10], "rotation": 270, "texture": "#side" },
				"up": {"uv": [5, 0, 8, 10], "texture": "#side" },
				"down": {"uv": [5, 0, 8, 10], "rotation": 180, "texture": "#side" }
			}
		},
		{
			"from": [12.79431, 1.251, 10.83947],
			"to": [13.79231, 2.249, 18.83747],
			"rotation": {"angle": 0, "axis": "y", "origin": [12.79331, 1.75, 10.83847]},
			"faces": {
				"east": {"uv": [6, 8, 8, 16], "rotation": 90, "texture": "#side" },
				"south": {"uv": [7, 7, 9, 9], "rotation": 180, "texture": "#top"},
				"west": {"uv": [6, 8, 8, 16], "rotation": 270, "texture": "#side" },
				"up": {"uv": [8, 8, 10, 16], "texture": "#side" },
				"down": {"uv": [8, 8, 10, 16], "rotation": 180, "texture": "#side" }
			}
		},
		{
			"from": [10.67198, 1.25, 7.71715],
			"to": [18.67198, 2.25, 8.71715],
			"rotation": {"angle": -45, "axis": "y", "origin": [10.67198, 1.75, 8.71715]},
			"faces": {
				"north": {"uv": [8, 8, 10, 16], "rotation": 90, "texture": "#side" },
				"east": {"uv": [7, 7, 9, 9], "rotation": 270, "texture": "#top" },
				"south": {"uv": [8, 8, 10, 16], "rotation": 270, "texture": "#side" },
				"up": {"uv": [6, 8, 8, 16], "rotation": 270, "texture": "#side" },
				"down": {"uv": [6, 8, 8, 16], "rotation": 270, "texture": "#side" }
			}
		},
		{
			"from": [-4, 3.75, 6],
			"to": [6, 4.75, 7],
			"rotation": {"angle": 45, "axis": "y", "origin": [6, 4.25, 6]},
			"faces": {
				"north": {"uv": [8, 6, 10, 16], "rotation": 270, "texture": "#side" },
				"south": {"uv": [8, 6, 10, 16], "rotation": 90, "texture": "#side" },
				"west": {"uv": [7, 7, 9, 9], "texture": "#top"},
				"up": {"uv": [6, 6, 8, 16], "rotation": 90, "texture": "#side" },
				"down": {"uv": [6, 6, 8, 16], "rotation": 90, "texture": "#side" }
			}
		}
	]
}