{
	"ambientocclusion": false,
	"textures": {
		"top": "block/acacia_log_top",
		"particle": "block/jungle_log",
		"side": "block/jungle_log"
	},
	"elements": [
		{
			"from": [7, 0, -2],
			"to": [9, 2, 12],
			"rotation": {"angle": 45, "axis": "y", "origin": [8, 1, 6]},
			"faces": {
				"north": {"uv": [6, 6, 10, 10], "texture": "#top"},
				"east": {"uv": [4, 0, 8, 14], "rotation": 90, "texture": "#side"},
				"south": {"uv": [8, 12, 12, 16], "texture": "#side"},
				"west": {"uv": [4, 0, 8, 14], "rotation": 270, "texture": "#side"},
				"up": {"uv": [8, 0, 12, 14], "texture": "#side"},
				"down": {"uv": [8, 0, 12, 14], "rotation": 180, "texture": "#side"}
			}
		},
		{
			"from": [7.94975, 0.5, 4.53553],
			"to": [17.94975, 1.5, 5.53553],
			"rotation": {"angle": -22.5, "axis": "y", "origin": [7.94975, 1, 4.53553]},
			"faces": {
				"north": {"uv": [8, 6, 10, 16], "rotation": 90, "texture": "#side"},
				"east": {"uv": [7, 7, 9, 9], "rotation": 270, "texture": "#top"},
				"south": {"uv": [8, 6, 10, 16], "rotation": 270, "texture": "#side"},
				"up": {"uv": [6, 6, 8, 16], "rotation": 270, "texture": "#side"},
				"down": {"uv": [6, 6, 8, 16], "rotation": 270, "texture": "#side"}
			}
		},
		{
			"from": [11.27297, 0.25, 9.71231],
			"to": [12.77297, 1.75, 17.71231],
			"rotation": {"angle": 22.5, "axis": "y", "origin": [12.77297, 1, 9.71231]},
			"faces": {
				"east": {"uv": [8, 8, 12, 16], "rotation": 90, "texture": "#side"},
				"south": {"uv": [6, 6, 10, 10], "rotation": 180, "texture": "#top"},
				"west": {"uv": [8, 8, 12, 16], "rotation": 270, "texture": "#side"},
				"up": {"uv": [4, 8, 8, 16], "texture": "#side"},
				"down": {"uv": [4, 8, 8, 16], "rotation": 180, "texture": "#side"}
			}
		}
	]
}