{
	"ambientocclusion": false,
	"textures": {
		"top": "block/spruce_log_top",
		"particle": "block/spruce_log",
		"side": "block/spruce_log"
	},
	"elements": [
		{
			"from": [10, 0, -3],
			"to": [12, 2, 11],
			"rotation": {"angle": -22.5, "axis": "y", "origin": [11, 1, 5]},
			"faces": {
				"north": {"uv": [6, 6, 10, 10], "rotation": 180, "texture": "#top" },
				"east": {"uv": [4, 0, 8, 14], "rotation": 90, "texture": "#side" },
				"west": {"uv": [4, 0, 8, 14], "rotation": 270, "texture": "#side" },
				"up": {"uv": [8, 0, 12, 14], "texture": "#side" },
				"down": {"uv": [8, 0, 12, 14], "rotation": 180, "texture": "#side" }
			}
		},
		{
			"from": [1.98954, 0.5, -0.00208],
			"to": [11.98954, 1.5, 0.99792],
			"rotation": {"angle": 22.5, "axis": "y", "origin": [11.98954, 1, -0.00208]},
			"faces": {
				"north": {"uv": [8, 0, 10, 10], "rotation": 270, "texture": "#side" },
				"south": {"uv": [8, 0, 10, 10], "rotation": 90, "texture": "#side" },
				"west": {"uv": [7, 7, 9, 9], "rotation": 90, "texture": "#top" },
				"up": {"uv": [6, 0, 8, 10], "rotation": 90, "texture": "#side" },
				"down": {"uv": [6, 0, 8, 10], "rotation": 90, "texture": "#side" }
			}
		},
		{
			"from": [10, 1, 6],
			"to": [11, 2, 16],
			"rotation": {"angle": -22.5, "axis": "x", "origin": [10.5, 2, 6]},
			"faces": {
				"east": {"uv": [8, 6, 10, 16], "rotation": 90, "texture": "#side" },
				"south": {"uv": [7, 7, 9, 9], "rotation": 270, "texture": "#top" },
				"west": {"uv": [8, 6, 10, 16], "rotation": 270, "texture": "#side" },
				"up": {"uv": [6, 6, 8, 16], "texture": "#side" },
				"down": {"uv": [6, 6, 8, 16], "rotation": 180, "texture": "#side" }
			}
		},
		{
			"from": [3.62878, 0.001, 8.92696],
			"to": [9.62678, 1.999, 10.92496],
			"rotation": {"angle": 22.5, "axis": "y", "origin": [9.62778, 1, 10.92596]},
			"faces": {
				"north": {"uv": [4, 2, 8, 8], "rotation": 270, "texture": "#side" },
				"south": {"uv": [4, 2, 8, 8], "rotation": 90, "texture": "#side" },
				"west": {"uv": [8, 8, 12, 12], "texture": "#side" },
				"up": {"uv": [8, 2, 12, 8], "rotation": 90, "texture": "#side" },
				"down": {"uv": [8, 2, 12, 8], "rotation": 90, "texture": "#side" }
			}
		},
		{
			"from": [-4.58258, 0.248, 11.60635],
			"to": [3.41742, 1.748, 13.10635],
			"rotation": {"angle": 45, "axis": "y", "origin": [3.41742, 0.998, 11.60635]},
			"faces": {
				"north": {"uv": [5, 8, 8, 16], "rotation": 90, "texture": "#side" },
				"south": {"uv": [5, 8, 8, 16], "rotation": 270, "texture": "#side" },
				"west": {"uv": [6.5, 6.5, 9.5, 9.5], "texture": "#top" },
				"up": {"uv": [8, 8, 11, 16], "rotation": 270, "texture": "#side" },
				"down": {"uv": [8, 8, 11, 16], "rotation": 270, "texture": "#side" }
			}
		}
	]
}