{
	"ambientocclusion": false,
	"textures": {
		"particle": "block/cauldron_side",
		"side": "block/cauldron_side",
		"top": "block/cauldron_top",
		"inside": "block/cauldron_inner",
		"wall": "block/extra/cauldron_wall",
		"loop": "block/tripwire_hook"
	},
	"elements": [
		{
			"from": [3, 0, 3],
			"to": [13, 1, 13],
			"rotation": {"angle": 0, "axis": "y", "origin": [8, 0, 8]},
			"faces": {
				"north": {"uv": [0, 11, 16, 13], "texture": "#side"},
				"east": {"uv": [0, 11, 16, 13], "texture": "#side"},
				"south": {"uv": [0, 11, 16, 13], "texture": "#side"},
				"west": {"uv": [0, 11, 16, 13], "texture": "#side"},
				"up": {"uv": [2, 2, 14, 14], "texture": "#inside"},
				"down": {"uv": [2, 2, 14, 14], "texture": "#inside"}
			}
		},
		{
			"from": [2, 1, 2],
			"to": [14, 7, 3],
			"rotation": {"angle": 0, "axis": "y", "origin": [8, 0, 8]},
			"faces": {
				"north": {"uv": [0, 3, 16, 10], "texture": "#side"},
				"east": {"uv": [14, 3, 16, 10], "texture": "#side"},
				"south": {"uv": [1, 3, 15, 10], "texture": "#wall"},
				"west": {"uv": [0, 3, 2, 10], "texture": "#side"},
				"up": {"uv": [0, 2, 16, 3], "rotation": 180, "texture": "#side"},
				"down": {"uv": [0, 10, 16, 11], "rotation": 180, "texture": "#side"}
			}
		},
		{
			"from": [2, 1, 13],
			"to": [14, 7, 14],
			"rotation": {"angle": 0, "axis": "y", "origin": [8, 0, 8]},
			"faces": {
				"north": {"uv": [1, 3, 15, 10], "texture": "#wall"},
				"east": {"uv": [0, 3, 2, 10], "texture": "#side"},
				"south": {"uv": [0, 3, 16, 10], "texture": "#side"},
				"west": {"uv": [14, 3, 16, 10], "texture": "#side"},
				"up": {"uv": [0, 2, 16, 3], "texture": "#side"},
				"down": {"uv": [0, 10, 16, 11], "texture": "#side"}
			}
		},
		{
			"from": [2, 1, 3],
			"to": [3, 7, 13],
			"rotation": {"angle": 0, "axis": "y", "origin": [8, 0, 8]},
			"faces": {
				"east": {"uv": [2, 3, 14, 10], "texture": "#wall"},
				"west": {"uv": [2, 3, 14, 10], "texture": "#side"},
				"up": {"uv": [2, 2, 14, 3], "rotation": 90, "texture": "#side"},
				"down": {"uv": [2, 10, 14, 11], "rotation": 270, "texture": "#side"}
			}
		},
		{
			"from": [13, 1, 3],
			"to": [14, 7, 13],
			"rotation": {"angle": 0, "axis": "y", "origin": [8, 0, 8]},
			"faces": {
				"east": {"uv": [2, 3, 14, 10], "texture": "#side"},
				"west": {"uv": [2, 3, 14, 10], "texture": "#wall"},
				"up": {"uv": [2, 2, 14, 3], "rotation": 270, "texture": "#side"},
				"down": {"uv": [2, 10, 14, 11], "rotation": 90, "texture": "#side"}
			}
		},
		{
			"from": [3, 7, 3],
			"to": [13, 9, 4],
			"rotation": {"angle": 0, "axis": "y", "origin": [8, 0, 8]},
			"faces": {
				"north": {"uv": [0, 0, 16, 2], "texture": "#side"},
				"east": {"uv": [14, 0, 16, 2], "texture": "#side"},
				"south": {"uv": [1, 0, 15, 2], "texture": "#wall"},
				"west": {"uv": [0, 0, 2, 2], "texture": "#side"},
				"up": {"uv": [0, 0, 16, 2], "texture": "#top"},
				"down": {"uv": [0, 14, 16, 16], "texture": "#inside"}
			}
		},
		{
			"from": [3, 7, 12],
			"to": [13, 9, 13],
			"rotation": {"angle": 0, "axis": "y", "origin": [8, 0, 8]},
			"faces": {
				"north": {"uv": [1, 0, 15, 2], "texture": "#wall"},
				"east": {"uv": [0, 0, 2, 2], "texture": "#side"},
				"south": {"uv": [0, 0, 16, 2], "texture": "#side"},
				"west": {"uv": [14, 0, 16, 2], "texture": "#side"},
				"up": {"uv": [0, 14, 16, 16], "texture": "#top"},
				"down": {"uv": [0, 0, 16, 2], "texture": "#inside"}
			}
		},
		{
			"from": [3, 7, 4],
			"to": [4, 9, 12],
			"rotation": {"angle": 0, "axis": "y", "origin": [8, 0, 8]},
			"faces": {
				"east": {"uv": [2, 0, 14, 2], "texture": "#wall"},
				"west": {"uv": [2, 0, 14, 2], "texture": "#side"},
				"up": {"uv": [0, 2, 2, 14], "texture": "#top"},
				"down": {"uv": [0, 2, 2, 14], "texture": "#inside"}
			}
		},
		{
			"from": [12, 7, 4],
			"to": [13, 9, 12],
			"rotation": {"angle": 0, "axis": "y", "origin": [8, 0, 8]},
			"faces": {
				"east": {"uv": [2, 0, 14, 2], "texture": "#side"},
				"west": {"uv": [2, 0, 14, 2], "texture": "#wall"},
				"up": {"uv": [14, 2, 16, 14], "texture": "#top"},
				"down": {"uv": [14, 2, 16, 14], "texture": "#inside"}
			}
		},
		{
			"from": [6, 7, 14],
			"to": [10, 7, 16],
			"rotation": {"angle": -22.5, "axis": "x", "origin": [8, 7, 14]},
			"faces": {
				"up": {"uv": [5, 3, 11, 6], "rotation": 180, "texture": "#loop"},
				"down": {"uv": [11, 3, 5, 6], "texture": "#loop"}
			}
		},
		{
			"from": [6, 6.75, 14],
			"to": [10, 6.75, 16],
			"rotation": {"angle": -22.5, "axis": "x", "origin": [8, 6.75, 14]},
			"faces": {
				"up": {"uv": [5, 3, 11, 6], "rotation": 180, "texture": "#loop"},
				"down": {"uv": [11, 3, 5, 6], "texture": "#loop"}
			}
		},
		{
			"from": [6, 7, 0],
			"to": [10, 7, 2],
			"rotation": {"angle": 22.5, "axis": "x", "origin": [8, 7, 2]},
			"faces": {
				"up": {"uv": [5, 3, 11, 6], "texture": "#loop"},
				"down": {"uv": [11, 3, 5, 6], "rotation": 180, "texture": "#loop"}
			}
		},
		{
			"from": [6, 6.75, 0],
			"to": [10, 6.75, 2],
			"rotation": {"angle": 22.5, "axis": "x", "origin": [8, 6.75, 2]},
			"faces": {
				"up": {"uv": [5, 3, 11, 6], "texture": "#loop"},
				"down": {"uv": [11, 3, 5, 6], "rotation": 180, "texture": "#loop"}
			}
		},
		{
			"from": [7.75, 15.5, 1],
			"to": [8.25, 16, 15],
			"rotation": {"angle": 0, "axis": "y", "origin": [8, 15.75, 8]},
			"faces": {
				"north": {"uv": [14.5, 0, 15.5, 1], "texture": "#top"},
				"east": {"uv": [0, 0, 16, 1], "texture": "#top"},
				"south": {"uv": [0.5, 0, 1.5, 1], "texture": "#top"},
				"west": {"uv": [0, 0, 16, 1], "texture": "#top"},
				"up": {"uv": [0, 14.5, 16, 15.5], "rotation": 90, "texture": "#top"},
				"down": {"uv": [0, 14.5, 16, 15.5], "rotation": 90, "texture": "#top"}
			}
		},
		{
			"from": [7.75, 6.5, 1],
			"to": [8.25, 15.5, 1.5],
			"rotation": {"angle": 0, "axis": "x", "origin": [8, 11, 1.25]},
			"faces": {
				"north": {"uv": [14.5, 1, 15.5, 13], "texture": "#top"},
				"east": {"uv": [15, 1, 16, 13], "texture": "#top"},
				"south": {"uv": [14.5, 1, 15.5, 13], "texture": "#top"},
				"west": {"uv": [0, 1, 1, 13], "texture": "#top"},
				"down": {"uv": [7, 0.5, 8, 1.5], "rotation": 180, "texture": "#side"}
			}
		},
		{
			"from": [7.75, 6.5, 14.5],
			"to": [8.25, 15.5, 15],
			"rotation": {"angle": 0, "axis": "x", "origin": [8, 11, 14.75]},
			"faces": {
				"north": {"uv": [0.5, 1, 1.5, 13], "texture": "#top"},
				"east": {"uv": [0, 1, 1, 13], "texture": "#top"},
				"south": {"uv": [0.5, 1, 1.5, 13], "texture": "#top"},
				"west": {"uv": [15, 1, 16, 13], "texture": "#top"},
				"down": {"uv": [8, 0.5, 9, 1.5], "texture": "#side"}
			}
		}
	]
}