{
	"ambientocclusion": false,
	"textures": {
		"particle": "#cross"
	},
	"elements": [
		{
			"from": [-6, 0, 7.99],
			"to": [22, 28, 7.99],
			"shade": false,
			"rotation": {"angle": 45, "axis": "y", "origin": [8, 8, 7.99]},
			"faces": {
				"north": {"uv": [0, 0, 16, 16], "texture": "#cross"},
				"south": {"uv": [16, 0, 0, 16], "texture": "#cross"}
			}
		},
		{
			"from": [8, 0, -7.01],
			"to": [8, 30, 22.99],
			"shade": false,
			"rotation": {"angle": 45, "axis": "y", "origin": [8, 8, 7.99]},
			"faces": {
				"east": {"uv": [0, 0, 16, 16], "texture": "#cross"},
				"west": {"uv": [16, 0, 0, 16], "texture": "#cross"}
			}
		},
		{
			"from": [-2, 14, 8],
			"to": [18, 14, 18],
			"rotation": {"angle": -45, "axis": "x", "origin": [8, 14, 8]},
			"faces": {
				"up": {"uv": [0, 0, 16, 8], "rotation": 180, "texture": "#cross"},
				"down": {"uv": [16, 0, 0, 8], "texture": "#cross"}
			}
		},
		{
			"from": [-4, 10, 8],
			"to": [20, 22, 8],
			"rotation": {"angle": -45, "axis": "x", "origin": [7, 10, 8]},
			"faces": {
				"north": {"uv": [16, 0, 0, 8], "texture": "#cross"},
				"south": {"uv": [0, 0, 16, 8], "texture": "#cross"}
			}
		}
	]
}