{
	"ambientocclusion": false,
	"textures": {
		"particle": "block/terracotta",
		"default": "block/terracotta",
		"gray": "block/light_gray_terracotta",
		"black": "block/black_terracotta"
	},
	"elements": [
		{
			"from": [4, 3, 3],
			"to": [12, 14, 11],
			"rotation": {"angle": 0, "axis": "y", "origin": [8, 0, 8]},
			"faces": {
				"north": {"uv": [0, 2, 8, 13], "texture": "#default"},
				"east": {"uv": [8, 2, 16, 13], "texture": "#default"},
				"south": {"uv": [0, 2, 8, 13], "texture": "#default"},
				"west": {"uv": [8, 2, 16, 13], "texture": "#default"},
				"up": {"uv": [4, 4, 12, 12], "texture": "#default"},
				"down": {"uv": [4, 4, 12, 12], "texture": "#default"}
			}
		},
		{
			"from": [3, 7, 2],
			"to": [13, 13, 12],
			"rotation": {"angle": 0, "axis": "y", "origin": [8, 0, 8]},
			"faces": {
				"north": {"uv": [0, 3, 10, 9], "texture": "#default"},
				"east": {"uv": [6, 3, 16, 9], "texture": "#default"},
				"south": {"uv": [0, 3, 10, 9], "texture": "#default"},
				"west": {"uv": [6, 3, 16, 9], "texture": "#default"},
				"up": {"uv": [3, 3, 13, 13], "texture": "#default"},
				"down": {"uv": [3, 3, 13, 13], "texture": "#default"}
			}
		},
		{
			"from": [5, 0, 4],
			"to": [11, 16, 10],
			"rotation": {"angle": 0, "axis": "y", "origin": [8, 0, 8]},
			"faces": {
				"north": {"uv": [1, 0, 7, 16], "texture": "#default"},
				"east": {"uv": [9, 0, 15, 16], "texture": "#default"},
				"south": {"uv": [1, 0, 7, 16], "texture": "#default"},
				"west": {"uv": [9, 0, 15, 16], "texture": "#default"},
				"up": {"uv": [5, 5, 11, 11], "texture": "#black"},
				"down": {"uv": [5, 5, 11, 11], "texture": "#default"}
			}
		},
		{
			"from": [4, 16, 3],
			"to": [6, 17, 11],
			"rotation": {"angle": 0, "axis": "y", "origin": [8, 0, 8]},
			"faces": {
				"north": {"uv": [6, 15, 8, 16], "texture": "#gray"},
				"east": {"uv": [8, 15, 16, 16], "texture": "#default"},
				"south": {"uv": [0, 15, 2, 16], "texture": "#gray"},
				"west": {"uv": [8, 15, 16, 16], "texture": "#gray"},
				"up": {"uv": [4, 4, 6, 12], "texture": "#gray"},
				"down": {"uv": [4, 4, 6, 12], "texture": "#default"}
			}
		},
		{
			"from": [10, 16, 3],
			"to": [12, 17, 11],
			"rotation": {"angle": 0, "axis": "y", "origin": [8, 0, 8]},
			"faces": {
				"north": {"uv": [0, 15, 2, 16], "texture": "#gray"},
				"east": {"uv": [8, 15, 16, 16], "texture": "#gray"},
				"south": {"uv": [6, 15, 8, 16], "texture": "#gray"},
				"west": {"uv": [8, 15, 16, 16], "texture": "#default"},
				"up": {"uv": [10, 4, 12, 12], "texture": "#gray"},
				"down": {"uv": [10, 4, 12, 12], "texture": "#default"}
			}
		},
		{
			"from": [6, 16, 3],
			"to": [10, 17, 5],
			"rotation": {"angle": 0, "axis": "y", "origin": [8, 0, 8]},
			"faces": {
				"north": {"uv": [2, 15, 6, 16], "texture": "#gray"},
				"south": {"uv": [2, 15, 6, 16], "texture": "#default"},
				"up": {"uv": [6, 4, 10, 6], "texture": "#gray"},
				"down": {"uv": [6, 10, 10, 12], "texture": "#default"}
			}
		},
		{
			"from": [6, 16, 9],
			"to": [10, 17, 11],
			"rotation": {"angle": 0, "axis": "y", "origin": [8, 0, 8]},
			"faces": {
				"north": {"uv": [2, 15, 6, 16], "texture": "#default"},
				"south": {"uv": [2, 15, 6, 16], "texture": "#gray"},
				"up": {"uv": [6, 10, 10, 12], "texture": "#gray"},
				"down": {"uv": [6, 4, 10, 6], "texture": "#default"}
			}
		}
	]
}