{
	"ambientocclusion": false,
	"textures": {
		"particle": "#all"
	},
	"elements": [
		{
			"from": [3, -5, 2.5],
			"to": [9, 5, 12.5],
			"rotation": {"angle": -45, "axis": "x", "origin": [6, 0, 7.5]},
			"faces": {
				"east": {"uv": [6, 6, 16, 16], "texture": "#all" },
				"south": {"uv": [0, 6, 6, 16], "texture": "#all" },
				"west": {"uv": [0, 0, 10, 10], "texture": "#all" },
				"up": {"uv": [10, 0, 16, 10], "texture": "#all" }
			}
		},
		{
			"from": [6, -1, 6.5],
			"to": [14, 3, 14.5],
			"rotation": {"angle": 22.5, "axis": "x", "origin": [10, -1, 10.5]},
			"faces": {
				"north": {"uv": [0, 0, 8, 4], "texture": "#all" },
				"east": {"uv": [0, 8, 8, 12], "texture": "#all" },
				"south": {"uv": [0, 4, 8, 8], "texture": "#all" },
				"west": {"uv": [8, 8, 16, 12], "texture": "#all" },
				"up": {"uv": [8, 0, 16, 8], "texture": "#all" }
			}
		},
		{
			"from": [6.5, 0, 2],
			"to": [14.5, 2, 10],
			"rotation": {"angle": 22.5, "axis": "y", "origin": [10.5, 1, 6]},
			"faces": {
				"north": {"uv": [8, 4, 16, 6], "texture": "#all" },
				"east": {"uv": [8, 2, 16, 4], "texture": "#all" },
				"south": {"uv": [8, 0, 16, 2], "texture": "#all" },
				"up": {"uv": [0, 0, 8, 8], "texture": "#all" }
			}
		},
		{
			"from": [1, 0, 7],
			"to": [7, 3, 13],
			"rotation": {"angle": -22.5, "axis": "y", "origin": [4, 0, 10]},
			"faces": {
				"north": {"uv": [10, 0, 16, 3], "texture": "#all" },
				"east": {"uv": [0, 0, 8, 8], "texture": "#all" },
				"south": {"uv": [10, 6, 16, 9], "texture": "#all" },
				"west": {"uv": [10, 3, 16, 6], "texture": "#all" },
				"up": {"uv": [10, 10, 16, 16], "texture": "#all" }
			}
		}
	]
}